model,accuracy,precision,recall,f1_score,roc_auc,pr_auc
Logistic Regression,0.5205447830101569,0.02794883941260066,0.7023809523809523,0.05375854214123007,0.650713781275222,0.036109336600579085
