model,accuracy,precision,recall,f1_score,roc_auc,pr_auc
Logistic Regression,0.6197807017543859,0.03935159306875349,0.822429906542056,0.07510935666275471,0.7687904377300732,0.05463097924989196
