Method,Train Samples,Accuracy,Precision,Recall,F1,ROC-AUC,PR-AUC
Baseline (Class Weighting),91199,0.6197807017543859,0.03935159306875349,0.822429906542056,0.07510935666275471,0.7687904377300732,0.05463097924989195
SMOTE,178978,0.6282017543859649,0.03968889397232071,0.8107476635514018,0.07567331806782249,0.7690094406225405,0.05441590111329079
ADASYN,179240,0.6217982456140351,0.039140704082780337,0.8130841121495327,0.0746861251207211,0.7700417933130699,0.05704400190281262
Borderline-SMOTE,178978,0.6370614035087719,0.03835745381809624,0.7616822429906542,0.07303685448638961,0.7676123964200912,0.057239085726157435
SMOTE+Tomek,178978,0.6282017543859649,0.03968889397232071,0.8107476635514018,0.07567331806782249,0.7690094406225405,0.05441590111329079
