model,accuracy,precision,recall,f1_score,roc_auc,pr_auc
XGBoost,0.9803785780240074,0.4827586206896552,0.16666666666666666,0.24778761061946902,0.6842898058470093,0.15074167490070398
