model,accuracy,precision,recall,f1_score,roc_auc,pr_auc
XGBoost,0.9914912280701754,0.7910447761194029,0.7429906542056075,0.7662650602409639,0.9428652575565919,0.7826262495306638
