model,accuracy,precision,recall,f1_score,roc_auc,pr_auc
XGBoost,0.9910526315789474,0.7718446601941747,0.7429906542056075,0.7571428571428571,0.9419903947858721,0.7818375263845372
